No,title,company
1,"Python, MySQL 외 신입/경력 정규직, 계약직",카라멜라
2,지스트 블록체인인터넷경제연구센터 계약직(연구원),광주과학기술원
3,2020년도 국비기술교육생,대한상공회의소 광주인력개발원
4,블록체인인터넷경제연구센터 위촉연구원,광주과학기술원
5,[아이콘트롤스] 2020년 경력 직원 (기술연구소) 연구개발부문,현대산업개발
6,Data Scientist,"Koniag, Inc."
7,보훈대상자 인재 채용,네오위즈
8,(주)케이티이엔지코어 2020년 하반기 분야별 경력직,케이티이엔지코어
9,지스트 블록체인경제센터 계약직연구원,광주과학기술원
10,[빅데이터분석] 데이터 사업 기획 및 운영 담당자,한국카카오은행
11,[네이버웹툰] 데이터 분석 인턴 (체험형),네이버
12,Developer / Designer recruit,마이뮤직테이스트
13,지스트 블록체인인터넷경제연구센터 계약직(박사급 연구원),광주과학기술원
14,블록체인인터넷경제 연구센터 위촉연구원,광주과학기술원
15,인간중심 지능형 시스템 연구실 시간제 연구원,광주과학기술원
16,"Design Consultant, Staff",Synopsys
17,Quantitative Researcher,자산운용: Quantitative Research
18,"[해외취업] 미국, Text IQ, Software Engineer",Text IQ
19,각 부문별 신입/경력 수시,제우스
20,[해외취업] AI 엔지니어,株式会社ASCOM
21,차세대 광-무선 가입자망 연구센터 연구전담교수,광주과학기술원
22,인간중심 지능형 시스템 연구실 위촉연구원,광주과학기술원
23,지스트 블록체인경제센터(강남소재) 계약직(연구원),광주과학기술원
24,지구·환경공학부 환경시스템공학 연구실 위촉연구원,광주과학기술원
25,기후 분석&모델링연구실 시간제연구원,광주과학기술원
26,"[해외취업] 중국, RAKUTEN, Senior QA Engineer_Membership",英博管理咨询(大连)有限公司
27,지스트 블록체인경제센터(강남소재) 계약직연구원,광주과학기술원
28,사내 및 서비스 보안 담당자 (경력),네오위즈
29,Field Application Engineer (FAE) – Korea/Asia,LUCID Vision Labs
30,퀀트운용팀 (사원-대리급),신한비엔피파리바자산운용
31,AI/빅데이터/클라우드 분야 (인재 Pool),LG유플러스
32,"[해외취업] 베리텍, 시스템개발자/응용프로그래머",에임하이글로벌
33,"[해외취업] 누리누비, 시스템개발자/응용프로그래머",에임하이글로벌
34,Developers,Coinplug
35,Connectivity Test Developer,Qualcomm CDMA Technologies (Korea) YH
36,"Technical Solutions Engineer, Infrastructure, Google Cloud",Google
37,정보보안 담당자,Nexon
38,DGIST 2019년 제1차 계약직원 공개채용 공고,대구경북과학기술원
39,[전문연구요원] 상시,네이버
40,2020년 국내 석/박사 산학장학생,LG유플러스
41,데이터 분석가 모집,카카오
42,[Search] [Vision] Computer Vision Engineer 체험형 인턴,네이버
43,"데이터마이닝, 데이터사이언스 신입 인턴",성공하는공장
44,[기술기획] [인사/경영지원] 사내시스템 개발자,한국카카오은행
45,[카카오커머스] 기술직군,카카오커머스
46,[EY한영] 금융감사본부 Data Analytics 전문 경력직 모집,Ernst & Young
47,하나손해보험 경력직,하나손해보험
48,"[현장코칭 숙련인력](주)아와소프트 웹(JAVA,JSP), Python, 기획/설계 경력자 인원",아와소프트
49,Sr Systems Administrator I,Raytheon Intelligence & Space
50,Data Scientist,Boston Consulting Group
51,"Python, MySQL 외 신입/경력 정규직, 계약직",카라멜라
52,지스트 블록체인인터넷경제연구센터 계약직(연구원),광주과학기술원
53,2020년도 국비기술교육생,대한상공회의소 광주인력개발원
54,블록체인인터넷경제연구센터 위촉연구원,광주과학기술원
55,[아이콘트롤스] 2020년 경력 직원 (기술연구소) 연구개발부문,현대산업개발
56,Data Scientist,"Koniag, Inc."
57,보훈대상자 인재 채용,네오위즈
58,(주)케이티이엔지코어 2020년 하반기 분야별 경력직,케이티이엔지코어
59,지스트 블록체인경제센터 계약직연구원,광주과학기술원
60,[빅데이터분석] 데이터 사업 기획 및 운영 담당자,한국카카오은행
61,[네이버웹툰] 데이터 분석 인턴 (체험형),네이버
62,Developer / Designer recruit,마이뮤직테이스트
63,지스트 블록체인인터넷경제연구센터 계약직(박사급 연구원),광주과학기술원
64,블록체인인터넷경제 연구센터 위촉연구원,광주과학기술원
65,인간중심 지능형 시스템 연구실 시간제 연구원,광주과학기술원
66,"Design Consultant, Staff",Synopsys
67,Quantitative Researcher,자산운용: Quantitative Research
68,"[해외취업] 미국, Text IQ, Software Engineer",Text IQ
69,각 부문별 신입/경력 수시,제우스
70,[해외취업] AI 엔지니어,株式会社ASCOM
71,차세대 광-무선 가입자망 연구센터 연구전담교수,광주과학기술원
72,인간중심 지능형 시스템 연구실 위촉연구원,광주과학기술원
73,지스트 블록체인경제센터(강남소재) 계약직(연구원),광주과학기술원
74,지구·환경공학부 환경시스템공학 연구실 위촉연구원,광주과학기술원
75,기후 분석&모델링연구실 시간제연구원,광주과학기술원
76,"[해외취업] 중국, RAKUTEN, Senior QA Engineer_Membership",英博管理咨询(大连)有限公司
77,지스트 블록체인경제센터(강남소재) 계약직연구원,광주과학기술원
78,사내 및 서비스 보안 담당자 (경력),네오위즈
79,Field Application Engineer (FAE) – Korea/Asia,LUCID Vision Labs
80,퀀트운용팀 (사원-대리급),신한비엔피파리바자산운용
81,AI/빅데이터/클라우드 분야 (인재 Pool),LG유플러스
82,"[해외취업] 베리텍, 시스템개발자/응용프로그래머",에임하이글로벌
83,"[해외취업] 누리누비, 시스템개발자/응용프로그래머",에임하이글로벌
84,Developers,Coinplug
85,Connectivity Test Developer,Qualcomm CDMA Technologies (Korea) YH
86,"Technical Solutions Engineer, Infrastructure, Google Cloud",Google
87,정보보안 담당자,Nexon
88,DGIST 2019년 제1차 계약직원 공개채용 공고,대구경북과학기술원
89,[전문연구요원] 상시,네이버
90,2020년 국내 석/박사 산학장학생,LG유플러스
91,데이터 분석가 모집,카카오
92,[Search] [Vision] Computer Vision Engineer 체험형 인턴,네이버
93,"데이터마이닝, 데이터사이언스 신입 인턴",성공하는공장
94,[기술기획] [인사/경영지원] 사내시스템 개발자,한국카카오은행
95,[카카오커머스] 기술직군,카카오커머스
96,[EY한영] 금융감사본부 Data Analytics 전문 경력직 모집,Ernst & Young
97,하나손해보험 경력직,하나손해보험
98,"[현장코칭 숙련인력](주)아와소프트 웹(JAVA,JSP), Python, 기획/설계 경력자 인원",아와소프트
99,Sr Systems Administrator I,Raytheon Intelligence & Space
100,Data Scientist,Boston Consulting Group
101,"Python, MySQL 외 신입/경력 정규직, 계약직",카라멜라
102,지스트 블록체인인터넷경제연구센터 계약직(연구원),광주과학기술원
103,2020년도 국비기술교육생,대한상공회의소 광주인력개발원
104,블록체인인터넷경제연구센터 위촉연구원,광주과학기술원
105,[아이콘트롤스] 2020년 경력 직원 (기술연구소) 연구개발부문,현대산업개발
106,Data Scientist,"Koniag, Inc."
107,보훈대상자 인재 채용,네오위즈
108,(주)케이티이엔지코어 2020년 하반기 분야별 경력직,케이티이엔지코어
109,지스트 블록체인경제센터 계약직연구원,광주과학기술원
110,[빅데이터분석] 데이터 사업 기획 및 운영 담당자,한국카카오은행
111,[네이버웹툰] 데이터 분석 인턴 (체험형),네이버
112,Developer / Designer recruit,마이뮤직테이스트
113,지스트 블록체인인터넷경제연구센터 계약직(박사급 연구원),광주과학기술원
114,블록체인인터넷경제 연구센터 위촉연구원,광주과학기술원
115,인간중심 지능형 시스템 연구실 시간제 연구원,광주과학기술원
116,"Design Consultant, Staff",Synopsys
117,Quantitative Researcher,자산운용: Quantitative Research
118,"[해외취업] 미국, Text IQ, Software Engineer",Text IQ
119,각 부문별 신입/경력 수시,제우스
120,[해외취업] AI 엔지니어,株式会社ASCOM
121,차세대 광-무선 가입자망 연구센터 연구전담교수,광주과학기술원
122,인간중심 지능형 시스템 연구실 위촉연구원,광주과학기술원
123,지스트 블록체인경제센터(강남소재) 계약직(연구원),광주과학기술원
124,지구·환경공학부 환경시스템공학 연구실 위촉연구원,광주과학기술원
125,기후 분석&모델링연구실 시간제연구원,광주과학기술원
126,"[해외취업] 중국, RAKUTEN, Senior QA Engineer_Membership",英博管理咨询(大连)有限公司
127,지스트 블록체인경제센터(강남소재) 계약직연구원,광주과학기술원
128,사내 및 서비스 보안 담당자 (경력),네오위즈
129,Field Application Engineer (FAE) – Korea/Asia,LUCID Vision Labs
130,퀀트운용팀 (사원-대리급),신한비엔피파리바자산운용
131,AI/빅데이터/클라우드 분야 (인재 Pool),LG유플러스
132,"[해외취업] 베리텍, 시스템개발자/응용프로그래머",에임하이글로벌
133,"[해외취업] 누리누비, 시스템개발자/응용프로그래머",에임하이글로벌
134,Developers,Coinplug
135,Connectivity Test Developer,Qualcomm CDMA Technologies (Korea) YH
136,"Technical Solutions Engineer, Infrastructure, Google Cloud",Google
137,정보보안 담당자,Nexon
138,DGIST 2019년 제1차 계약직원 공개채용 공고,대구경북과학기술원
139,[전문연구요원] 상시,네이버
140,2020년 국내 석/박사 산학장학생,LG유플러스
141,데이터 분석가 모집,카카오
142,[Search] [Vision] Computer Vision Engineer 체험형 인턴,네이버
143,"데이터마이닝, 데이터사이언스 신입 인턴",성공하는공장
144,[기술기획] [인사/경영지원] 사내시스템 개발자,한국카카오은행
145,[카카오커머스] 기술직군,카카오커머스
146,[EY한영] 금융감사본부 Data Analytics 전문 경력직 모집,Ernst & Young
147,하나손해보험 경력직,하나손해보험
148,"[현장코칭 숙련인력](주)아와소프트 웹(JAVA,JSP), Python, 기획/설계 경력자 인원",아와소프트
149,Sr Systems Administrator I,Raytheon Intelligence & Space
150,Data Scientist,Boston Consulting Group
151,"Python, MySQL 외 신입/경력 정규직, 계약직",카라멜라
152,지스트 블록체인인터넷경제연구센터 계약직(연구원),광주과학기술원
153,2020년도 국비기술교육생,대한상공회의소 광주인력개발원
154,블록체인인터넷경제연구센터 위촉연구원,광주과학기술원
155,[아이콘트롤스] 2020년 경력 직원 (기술연구소) 연구개발부문,현대산업개발
156,Data Scientist,"Koniag, Inc."
157,보훈대상자 인재 채용,네오위즈
158,(주)케이티이엔지코어 2020년 하반기 분야별 경력직,케이티이엔지코어
159,지스트 블록체인경제센터 계약직연구원,광주과학기술원
160,[빅데이터분석] 데이터 사업 기획 및 운영 담당자,한국카카오은행
161,[네이버웹툰] 데이터 분석 인턴 (체험형),네이버
162,Developer / Designer recruit,마이뮤직테이스트
163,지스트 블록체인인터넷경제연구센터 계약직(박사급 연구원),광주과학기술원
164,블록체인인터넷경제 연구센터 위촉연구원,광주과학기술원
165,인간중심 지능형 시스템 연구실 시간제 연구원,광주과학기술원
166,"Design Consultant, Staff",Synopsys
167,Quantitative Researcher,자산운용: Quantitative Research
168,"[해외취업] 미국, Text IQ, Software Engineer",Text IQ
169,각 부문별 신입/경력 수시,제우스
170,[해외취업] AI 엔지니어,株式会社ASCOM
171,차세대 광-무선 가입자망 연구센터 연구전담교수,광주과학기술원
172,인간중심 지능형 시스템 연구실 위촉연구원,광주과학기술원
173,지스트 블록체인경제센터(강남소재) 계약직(연구원),광주과학기술원
174,지구·환경공학부 환경시스템공학 연구실 위촉연구원,광주과학기술원
175,기후 분석&모델링연구실 시간제연구원,광주과학기술원
176,"[해외취업] 중국, RAKUTEN, Senior QA Engineer_Membership",英博管理咨询(大连)有限公司
177,지스트 블록체인경제센터(강남소재) 계약직연구원,광주과학기술원
178,사내 및 서비스 보안 담당자 (경력),네오위즈
179,Field Application Engineer (FAE) – Korea/Asia,LUCID Vision Labs
180,퀀트운용팀 (사원-대리급),신한비엔피파리바자산운용
181,AI/빅데이터/클라우드 분야 (인재 Pool),LG유플러스
182,"[해외취업] 베리텍, 시스템개발자/응용프로그래머",에임하이글로벌
183,"[해외취업] 누리누비, 시스템개발자/응용프로그래머",에임하이글로벌
184,Developers,Coinplug
185,Connectivity Test Developer,Qualcomm CDMA Technologies (Korea) YH
186,"Technical Solutions Engineer, Infrastructure, Google Cloud",Google
187,정보보안 담당자,Nexon
188,DGIST 2019년 제1차 계약직원 공개채용 공고,대구경북과학기술원
189,[전문연구요원] 상시,네이버
190,2020년 국내 석/박사 산학장학생,LG유플러스
191,데이터 분석가 모집,카카오
192,[Search] [Vision] Computer Vision Engineer 체험형 인턴,네이버
193,"데이터마이닝, 데이터사이언스 신입 인턴",성공하는공장
194,[기술기획] [인사/경영지원] 사내시스템 개발자,한국카카오은행
195,[카카오커머스] 기술직군,카카오커머스
196,[EY한영] 금융감사본부 Data Analytics 전문 경력직 모집,Ernst & Young
197,하나손해보험 경력직,하나손해보험
198,"[현장코칭 숙련인력](주)아와소프트 웹(JAVA,JSP), Python, 기획/설계 경력자 인원",아와소프트
199,Sr Systems Administrator I,Raytheon Intelligence & Space
200,Data Scientist,Boston Consulting Group
201,"Python, MySQL 외 신입/경력 정규직, 계약직",카라멜라
202,지스트 블록체인인터넷경제연구센터 계약직(연구원),광주과학기술원
203,2020년도 국비기술교육생,대한상공회의소 광주인력개발원
204,블록체인인터넷경제연구센터 위촉연구원,광주과학기술원
205,[아이콘트롤스] 2020년 경력 직원 (기술연구소) 연구개발부문,현대산업개발
206,Data Scientist,"Koniag, Inc."
207,보훈대상자 인재 채용,네오위즈
208,(주)케이티이엔지코어 2020년 하반기 분야별 경력직,케이티이엔지코어
209,지스트 블록체인경제센터 계약직연구원,광주과학기술원
210,[빅데이터분석] 데이터 사업 기획 및 운영 담당자,한국카카오은행
211,[네이버웹툰] 데이터 분석 인턴 (체험형),네이버
212,Developer / Designer recruit,마이뮤직테이스트
213,지스트 블록체인인터넷경제연구센터 계약직(박사급 연구원),광주과학기술원
214,블록체인인터넷경제 연구센터 위촉연구원,광주과학기술원
215,인간중심 지능형 시스템 연구실 시간제 연구원,광주과학기술원
216,"Design Consultant, Staff",Synopsys
217,Quantitative Researcher,자산운용: Quantitative Research
218,"[해외취업] 미국, Text IQ, Software Engineer",Text IQ
219,각 부문별 신입/경력 수시,제우스
220,[해외취업] AI 엔지니어,株式会社ASCOM
221,차세대 광-무선 가입자망 연구센터 연구전담교수,광주과학기술원
222,인간중심 지능형 시스템 연구실 위촉연구원,광주과학기술원
223,지스트 블록체인경제센터(강남소재) 계약직(연구원),광주과학기술원
224,지구·환경공학부 환경시스템공학 연구실 위촉연구원,광주과학기술원
225,기후 분석&모델링연구실 시간제연구원,광주과학기술원
226,"[해외취업] 중국, RAKUTEN, Senior QA Engineer_Membership",英博管理咨询(大连)有限公司
227,지스트 블록체인경제센터(강남소재) 계약직연구원,광주과학기술원
228,사내 및 서비스 보안 담당자 (경력),네오위즈
229,Field Application Engineer (FAE) – Korea/Asia,LUCID Vision Labs
230,퀀트운용팀 (사원-대리급),신한비엔피파리바자산운용
231,AI/빅데이터/클라우드 분야 (인재 Pool),LG유플러스
232,"[해외취업] 베리텍, 시스템개발자/응용프로그래머",에임하이글로벌
233,"[해외취업] 누리누비, 시스템개발자/응용프로그래머",에임하이글로벌
234,Developers,Coinplug
235,Connectivity Test Developer,Qualcomm CDMA Technologies (Korea) YH
236,"Technical Solutions Engineer, Infrastructure, Google Cloud",Google
237,정보보안 담당자,Nexon
238,DGIST 2019년 제1차 계약직원 공개채용 공고,대구경북과학기술원
239,[전문연구요원] 상시,네이버
240,2020년 국내 석/박사 산학장학생,LG유플러스
241,데이터 분석가 모집,카카오
242,[Search] [Vision] Computer Vision Engineer 체험형 인턴,네이버
243,"데이터마이닝, 데이터사이언스 신입 인턴",성공하는공장
244,[기술기획] [인사/경영지원] 사내시스템 개발자,한국카카오은행
245,[카카오커머스] 기술직군,카카오커머스
246,[EY한영] 금융감사본부 Data Analytics 전문 경력직 모집,Ernst & Young
247,하나손해보험 경력직,하나손해보험
248,"[현장코칭 숙련인력](주)아와소프트 웹(JAVA,JSP), Python, 기획/설계 경력자 인원",아와소프트
249,Sr Systems Administrator I,Raytheon Intelligence & Space
250,Data Scientist,Boston Consulting Group
251,"Python, MySQL 외 신입/경력 정규직, 계약직",카라멜라
252,지스트 블록체인인터넷경제연구센터 계약직(연구원),광주과학기술원
253,2020년도 국비기술교육생,대한상공회의소 광주인력개발원
254,블록체인인터넷경제연구센터 위촉연구원,광주과학기술원
255,[아이콘트롤스] 2020년 경력 직원 (기술연구소) 연구개발부문,현대산업개발
256,Data Scientist,"Koniag, Inc."
257,보훈대상자 인재 채용,네오위즈
258,(주)케이티이엔지코어 2020년 하반기 분야별 경력직,케이티이엔지코어
259,지스트 블록체인경제센터 계약직연구원,광주과학기술원
260,[빅데이터분석] 데이터 사업 기획 및 운영 담당자,한국카카오은행
261,[네이버웹툰] 데이터 분석 인턴 (체험형),네이버
262,Developer / Designer recruit,마이뮤직테이스트
263,지스트 블록체인인터넷경제연구센터 계약직(박사급 연구원),광주과학기술원
264,블록체인인터넷경제 연구센터 위촉연구원,광주과학기술원
265,인간중심 지능형 시스템 연구실 시간제 연구원,광주과학기술원
266,"Design Consultant, Staff",Synopsys
267,Quantitative Researcher,자산운용: Quantitative Research
268,"[해외취업] 미국, Text IQ, Software Engineer",Text IQ
269,각 부문별 신입/경력 수시,제우스
270,[해외취업] AI 엔지니어,株式会社ASCOM
271,차세대 광-무선 가입자망 연구센터 연구전담교수,광주과학기술원
272,인간중심 지능형 시스템 연구실 위촉연구원,광주과학기술원
273,지스트 블록체인경제센터(강남소재) 계약직(연구원),광주과학기술원
274,지구·환경공학부 환경시스템공학 연구실 위촉연구원,광주과학기술원
275,기후 분석&모델링연구실 시간제연구원,광주과학기술원
276,"[해외취업] 중국, RAKUTEN, Senior QA Engineer_Membership",英博管理咨询(大连)有限公司
277,지스트 블록체인경제센터(강남소재) 계약직연구원,광주과학기술원
278,사내 및 서비스 보안 담당자 (경력),네오위즈
279,Field Application Engineer (FAE) – Korea/Asia,LUCID Vision Labs
280,퀀트운용팀 (사원-대리급),신한비엔피파리바자산운용
281,AI/빅데이터/클라우드 분야 (인재 Pool),LG유플러스
282,"[해외취업] 베리텍, 시스템개발자/응용프로그래머",에임하이글로벌
283,"[해외취업] 누리누비, 시스템개발자/응용프로그래머",에임하이글로벌
284,Developers,Coinplug
285,Connectivity Test Developer,Qualcomm CDMA Technologies (Korea) YH
286,"Technical Solutions Engineer, Infrastructure, Google Cloud",Google
287,정보보안 담당자,Nexon
288,DGIST 2019년 제1차 계약직원 공개채용 공고,대구경북과학기술원
289,[전문연구요원] 상시,네이버
290,2020년 국내 석/박사 산학장학생,LG유플러스
291,데이터 분석가 모집,카카오
292,[Search] [Vision] Computer Vision Engineer 체험형 인턴,네이버
293,"데이터마이닝, 데이터사이언스 신입 인턴",성공하는공장
294,[기술기획] [인사/경영지원] 사내시스템 개발자,한국카카오은행
295,[카카오커머스] 기술직군,카카오커머스
296,[EY한영] 금융감사본부 Data Analytics 전문 경력직 모집,Ernst & Young
297,하나손해보험 경력직,하나손해보험
298,"[현장코칭 숙련인력](주)아와소프트 웹(JAVA,JSP), Python, 기획/설계 경력자 인원",아와소프트
299,Sr Systems Administrator I,Raytheon Intelligence & Space
300,Data Scientist,Boston Consulting Group
301,"Python, MySQL 외 신입/경력 정규직, 계약직",카라멜라
302,지스트 블록체인인터넷경제연구센터 계약직(연구원),광주과학기술원
303,2020년도 국비기술교육생,대한상공회의소 광주인력개발원
304,블록체인인터넷경제연구센터 위촉연구원,광주과학기술원
305,[아이콘트롤스] 2020년 경력 직원 (기술연구소) 연구개발부문,현대산업개발
306,Data Scientist,"Koniag, Inc."
307,보훈대상자 인재 채용,네오위즈
308,(주)케이티이엔지코어 2020년 하반기 분야별 경력직,케이티이엔지코어
309,지스트 블록체인경제센터 계약직연구원,광주과학기술원
310,[빅데이터분석] 데이터 사업 기획 및 운영 담당자,한국카카오은행
311,[네이버웹툰] 데이터 분석 인턴 (체험형),네이버
312,Developer / Designer recruit,마이뮤직테이스트
313,지스트 블록체인인터넷경제연구센터 계약직(박사급 연구원),광주과학기술원
314,블록체인인터넷경제 연구센터 위촉연구원,광주과학기술원
315,인간중심 지능형 시스템 연구실 시간제 연구원,광주과학기술원
316,"Design Consultant, Staff",Synopsys
317,Quantitative Researcher,자산운용: Quantitative Research
318,"[해외취업] 미국, Text IQ, Software Engineer",Text IQ
319,각 부문별 신입/경력 수시,제우스
320,[해외취업] AI 엔지니어,株式会社ASCOM
321,차세대 광-무선 가입자망 연구센터 연구전담교수,광주과학기술원
322,인간중심 지능형 시스템 연구실 위촉연구원,광주과학기술원
323,지스트 블록체인경제센터(강남소재) 계약직(연구원),광주과학기술원
324,지구·환경공학부 환경시스템공학 연구실 위촉연구원,광주과학기술원
325,기후 분석&모델링연구실 시간제연구원,광주과학기술원
326,"[해외취업] 중국, RAKUTEN, Senior QA Engineer_Membership",英博管理咨询(大连)有限公司
327,지스트 블록체인경제센터(강남소재) 계약직연구원,광주과학기술원
328,사내 및 서비스 보안 담당자 (경력),네오위즈
329,Field Application Engineer (FAE) – Korea/Asia,LUCID Vision Labs
330,퀀트운용팀 (사원-대리급),신한비엔피파리바자산운용
331,AI/빅데이터/클라우드 분야 (인재 Pool),LG유플러스
332,"[해외취업] 베리텍, 시스템개발자/응용프로그래머",에임하이글로벌
333,"[해외취업] 누리누비, 시스템개발자/응용프로그래머",에임하이글로벌
334,Developers,Coinplug
335,Connectivity Test Developer,Qualcomm CDMA Technologies (Korea) YH
336,"Technical Solutions Engineer, Infrastructure, Google Cloud",Google
337,정보보안 담당자,Nexon
338,DGIST 2019년 제1차 계약직원 공개채용 공고,대구경북과학기술원
339,[전문연구요원] 상시,네이버
340,2020년 국내 석/박사 산학장학생,LG유플러스
341,데이터 분석가 모집,카카오
342,[Search] [Vision] Computer Vision Engineer 체험형 인턴,네이버
343,"데이터마이닝, 데이터사이언스 신입 인턴",성공하는공장
344,[기술기획] [인사/경영지원] 사내시스템 개발자,한국카카오은행
345,[카카오커머스] 기술직군,카카오커머스
346,[EY한영] 금융감사본부 Data Analytics 전문 경력직 모집,Ernst & Young
347,하나손해보험 경력직,하나손해보험
348,"[현장코칭 숙련인력](주)아와소프트 웹(JAVA,JSP), Python, 기획/설계 경력자 인원",아와소프트
349,Sr Systems Administrator I,Raytheon Intelligence & Space
350,Data Scientist,Boston Consulting Group
351,"Python, MySQL 외 신입/경력 정규직, 계약직",카라멜라
352,지스트 블록체인인터넷경제연구센터 계약직(연구원),광주과학기술원
353,2020년도 국비기술교육생,대한상공회의소 광주인력개발원
354,블록체인인터넷경제연구센터 위촉연구원,광주과학기술원
355,[아이콘트롤스] 2020년 경력 직원 (기술연구소) 연구개발부문,현대산업개발
356,Data Scientist,"Koniag, Inc."
357,보훈대상자 인재 채용,네오위즈
358,(주)케이티이엔지코어 2020년 하반기 분야별 경력직,케이티이엔지코어
359,지스트 블록체인경제센터 계약직연구원,광주과학기술원
360,[빅데이터분석] 데이터 사업 기획 및 운영 담당자,한국카카오은행
361,[네이버웹툰] 데이터 분석 인턴 (체험형),네이버
362,Developer / Designer recruit,마이뮤직테이스트
363,지스트 블록체인인터넷경제연구센터 계약직(박사급 연구원),광주과학기술원
364,블록체인인터넷경제 연구센터 위촉연구원,광주과학기술원
365,인간중심 지능형 시스템 연구실 시간제 연구원,광주과학기술원
366,"Design Consultant, Staff",Synopsys
367,Quantitative Researcher,자산운용: Quantitative Research
368,"[해외취업] 미국, Text IQ, Software Engineer",Text IQ
369,각 부문별 신입/경력 수시,제우스
370,[해외취업] AI 엔지니어,株式会社ASCOM
371,차세대 광-무선 가입자망 연구센터 연구전담교수,광주과학기술원
372,인간중심 지능형 시스템 연구실 위촉연구원,광주과학기술원
373,지스트 블록체인경제센터(강남소재) 계약직(연구원),광주과학기술원
374,지구·환경공학부 환경시스템공학 연구실 위촉연구원,광주과학기술원
375,기후 분석&모델링연구실 시간제연구원,광주과학기술원
376,"[해외취업] 중국, RAKUTEN, Senior QA Engineer_Membership",英博管理咨询(大连)有限公司
377,지스트 블록체인경제센터(강남소재) 계약직연구원,광주과학기술원
378,사내 및 서비스 보안 담당자 (경력),네오위즈
379,Field Application Engineer (FAE) – Korea/Asia,LUCID Vision Labs
380,퀀트운용팀 (사원-대리급),신한비엔피파리바자산운용
381,AI/빅데이터/클라우드 분야 (인재 Pool),LG유플러스
382,"[해외취업] 베리텍, 시스템개발자/응용프로그래머",에임하이글로벌
383,"[해외취업] 누리누비, 시스템개발자/응용프로그래머",에임하이글로벌
384,Developers,Coinplug
385,Connectivity Test Developer,Qualcomm CDMA Technologies (Korea) YH
386,"Technical Solutions Engineer, Infrastructure, Google Cloud",Google
387,정보보안 담당자,Nexon
388,DGIST 2019년 제1차 계약직원 공개채용 공고,대구경북과학기술원
389,[전문연구요원] 상시,네이버
390,2020년 국내 석/박사 산학장학생,LG유플러스
391,데이터 분석가 모집,카카오
392,[Search] [Vision] Computer Vision Engineer 체험형 인턴,네이버
393,"데이터마이닝, 데이터사이언스 신입 인턴",성공하는공장
394,[기술기획] [인사/경영지원] 사내시스템 개발자,한국카카오은행
395,[카카오커머스] 기술직군,카카오커머스
396,[EY한영] 금융감사본부 Data Analytics 전문 경력직 모집,Ernst & Young
397,하나손해보험 경력직,하나손해보험
398,"[현장코칭 숙련인력](주)아와소프트 웹(JAVA,JSP), Python, 기획/설계 경력자 인원",아와소프트
399,Sr Systems Administrator I,Raytheon Intelligence & Space
400,Data Scientist,Boston Consulting Group
401,"Python, MySQL 외 신입/경력 정규직, 계약직",카라멜라
402,지스트 블록체인인터넷경제연구센터 계약직(연구원),광주과학기술원
403,2020년도 국비기술교육생,대한상공회의소 광주인력개발원
404,블록체인인터넷경제연구센터 위촉연구원,광주과학기술원
405,[아이콘트롤스] 2020년 경력 직원 (기술연구소) 연구개발부문,현대산업개발
406,Data Scientist,"Koniag, Inc."
407,보훈대상자 인재 채용,네오위즈
408,(주)케이티이엔지코어 2020년 하반기 분야별 경력직,케이티이엔지코어
409,지스트 블록체인경제센터 계약직연구원,광주과학기술원
410,[빅데이터분석] 데이터 사업 기획 및 운영 담당자,한국카카오은행
411,[네이버웹툰] 데이터 분석 인턴 (체험형),네이버
412,Developer / Designer recruit,마이뮤직테이스트
413,지스트 블록체인인터넷경제연구센터 계약직(박사급 연구원),광주과학기술원
414,블록체인인터넷경제 연구센터 위촉연구원,광주과학기술원
415,인간중심 지능형 시스템 연구실 시간제 연구원,광주과학기술원
416,"Design Consultant, Staff",Synopsys
417,Quantitative Researcher,자산운용: Quantitative Research
418,"[해외취업] 미국, Text IQ, Software Engineer",Text IQ
419,각 부문별 신입/경력 수시,제우스
420,[해외취업] AI 엔지니어,株式会社ASCOM
421,차세대 광-무선 가입자망 연구센터 연구전담교수,광주과학기술원
422,인간중심 지능형 시스템 연구실 위촉연구원,광주과학기술원
423,지스트 블록체인경제센터(강남소재) 계약직(연구원),광주과학기술원
424,지구·환경공학부 환경시스템공학 연구실 위촉연구원,광주과학기술원
425,기후 분석&모델링연구실 시간제연구원,광주과학기술원
426,"[해외취업] 중국, RAKUTEN, Senior QA Engineer_Membership",英博管理咨询(大连)有限公司
427,지스트 블록체인경제센터(강남소재) 계약직연구원,광주과학기술원
428,사내 및 서비스 보안 담당자 (경력),네오위즈
429,Field Application Engineer (FAE) – Korea/Asia,LUCID Vision Labs
430,퀀트운용팀 (사원-대리급),신한비엔피파리바자산운용
431,AI/빅데이터/클라우드 분야 (인재 Pool),LG유플러스
432,"[해외취업] 베리텍, 시스템개발자/응용프로그래머",에임하이글로벌
433,"[해외취업] 누리누비, 시스템개발자/응용프로그래머",에임하이글로벌
434,Developers,Coinplug
435,Connectivity Test Developer,Qualcomm CDMA Technologies (Korea) YH
436,"Technical Solutions Engineer, Infrastructure, Google Cloud",Google
437,정보보안 담당자,Nexon
438,DGIST 2019년 제1차 계약직원 공개채용 공고,대구경북과학기술원
439,[전문연구요원] 상시,네이버
440,2020년 국내 석/박사 산학장학생,LG유플러스
441,데이터 분석가 모집,카카오
442,[Search] [Vision] Computer Vision Engineer 체험형 인턴,네이버
443,"데이터마이닝, 데이터사이언스 신입 인턴",성공하는공장
444,[기술기획] [인사/경영지원] 사내시스템 개발자,한국카카오은행
445,[카카오커머스] 기술직군,카카오커머스
446,[EY한영] 금융감사본부 Data Analytics 전문 경력직 모집,Ernst & Young
447,하나손해보험 경력직,하나손해보험
448,"[현장코칭 숙련인력](주)아와소프트 웹(JAVA,JSP), Python, 기획/설계 경력자 인원",아와소프트
449,Sr Systems Administrator I,Raytheon Intelligence & Space
450,Data Scientist,Boston Consulting Group
451,"Python, MySQL 외 신입/경력 정규직, 계약직",카라멜라
452,지스트 블록체인인터넷경제연구센터 계약직(연구원),광주과학기술원
453,2020년도 국비기술교육생,대한상공회의소 광주인력개발원
454,블록체인인터넷경제연구센터 위촉연구원,광주과학기술원
455,[아이콘트롤스] 2020년 경력 직원 (기술연구소) 연구개발부문,현대산업개발
456,Data Scientist,"Koniag, Inc."
457,보훈대상자 인재 채용,네오위즈
458,(주)케이티이엔지코어 2020년 하반기 분야별 경력직,케이티이엔지코어
459,지스트 블록체인경제센터 계약직연구원,광주과학기술원
460,[빅데이터분석] 데이터 사업 기획 및 운영 담당자,한국카카오은행
461,[네이버웹툰] 데이터 분석 인턴 (체험형),네이버
462,Developer / Designer recruit,마이뮤직테이스트
463,지스트 블록체인인터넷경제연구센터 계약직(박사급 연구원),광주과학기술원
464,블록체인인터넷경제 연구센터 위촉연구원,광주과학기술원
465,인간중심 지능형 시스템 연구실 시간제 연구원,광주과학기술원
466,"Design Consultant, Staff",Synopsys
467,Quantitative Researcher,자산운용: Quantitative Research
468,"[해외취업] 미국, Text IQ, Software Engineer",Text IQ
469,각 부문별 신입/경력 수시,제우스
470,[해외취업] AI 엔지니어,株式会社ASCOM
471,차세대 광-무선 가입자망 연구센터 연구전담교수,광주과학기술원
472,인간중심 지능형 시스템 연구실 위촉연구원,광주과학기술원
473,지스트 블록체인경제센터(강남소재) 계약직(연구원),광주과학기술원
474,지구·환경공학부 환경시스템공학 연구실 위촉연구원,광주과학기술원
475,기후 분석&모델링연구실 시간제연구원,광주과학기술원
476,"[해외취업] 중국, RAKUTEN, Senior QA Engineer_Membership",英博管理咨询(大连)有限公司
477,지스트 블록체인경제센터(강남소재) 계약직연구원,광주과학기술원
478,사내 및 서비스 보안 담당자 (경력),네오위즈
479,Field Application Engineer (FAE) – Korea/Asia,LUCID Vision Labs
480,퀀트운용팀 (사원-대리급),신한비엔피파리바자산운용
481,AI/빅데이터/클라우드 분야 (인재 Pool),LG유플러스
482,"[해외취업] 베리텍, 시스템개발자/응용프로그래머",에임하이글로벌
483,"[해외취업] 누리누비, 시스템개발자/응용프로그래머",에임하이글로벌
484,Developers,Coinplug
485,Connectivity Test Developer,Qualcomm CDMA Technologies (Korea) YH
486,"Technical Solutions Engineer, Infrastructure, Google Cloud",Google
487,정보보안 담당자,Nexon
488,DGIST 2019년 제1차 계약직원 공개채용 공고,대구경북과학기술원
489,[전문연구요원] 상시,네이버
490,2020년 국내 석/박사 산학장학생,LG유플러스
491,데이터 분석가 모집,카카오
492,[Search] [Vision] Computer Vision Engineer 체험형 인턴,네이버
493,"데이터마이닝, 데이터사이언스 신입 인턴",성공하는공장
494,[기술기획] [인사/경영지원] 사내시스템 개발자,한국카카오은행
495,[카카오커머스] 기술직군,카카오커머스
496,[EY한영] 금융감사본부 Data Analytics 전문 경력직 모집,Ernst & Young
497,하나손해보험 경력직,하나손해보험
498,"[현장코칭 숙련인력](주)아와소프트 웹(JAVA,JSP), Python, 기획/설계 경력자 인원",아와소프트
499,Sr Systems Administrator I,Raytheon Intelligence & Space
500,Data Scientist,Boston Consulting Group
501,"Python, MySQL 외 신입/경력 정규직, 계약직",카라멜라
502,지스트 블록체인인터넷경제연구센터 계약직(연구원),광주과학기술원
503,2020년도 국비기술교육생,대한상공회의소 광주인력개발원
504,블록체인인터넷경제연구센터 위촉연구원,광주과학기술원
505,[아이콘트롤스] 2020년 경력 직원 (기술연구소) 연구개발부문,현대산업개발
506,Data Scientist,"Koniag, Inc."
507,보훈대상자 인재 채용,네오위즈
508,(주)케이티이엔지코어 2020년 하반기 분야별 경력직,케이티이엔지코어
509,지스트 블록체인경제센터 계약직연구원,광주과학기술원
510,[빅데이터분석] 데이터 사업 기획 및 운영 담당자,한국카카오은행
511,[네이버웹툰] 데이터 분석 인턴 (체험형),네이버
512,Developer / Designer recruit,마이뮤직테이스트
513,지스트 블록체인인터넷경제연구센터 계약직(박사급 연구원),광주과학기술원
514,블록체인인터넷경제 연구센터 위촉연구원,광주과학기술원
515,인간중심 지능형 시스템 연구실 시간제 연구원,광주과학기술원
516,"Design Consultant, Staff",Synopsys
517,Quantitative Researcher,자산운용: Quantitative Research
518,"[해외취업] 미국, Text IQ, Software Engineer",Text IQ
519,각 부문별 신입/경력 수시,제우스
520,[해외취업] AI 엔지니어,株式会社ASCOM
521,차세대 광-무선 가입자망 연구센터 연구전담교수,광주과학기술원
522,인간중심 지능형 시스템 연구실 위촉연구원,광주과학기술원
523,지스트 블록체인경제센터(강남소재) 계약직(연구원),광주과학기술원
524,지구·환경공학부 환경시스템공학 연구실 위촉연구원,광주과학기술원
525,기후 분석&모델링연구실 시간제연구원,광주과학기술원
526,"[해외취업] 중국, RAKUTEN, Senior QA Engineer_Membership",英博管理咨询(大连)有限公司
527,지스트 블록체인경제센터(강남소재) 계약직연구원,광주과학기술원
528,사내 및 서비스 보안 담당자 (경력),네오위즈
529,Field Application Engineer (FAE) – Korea/Asia,LUCID Vision Labs
530,퀀트운용팀 (사원-대리급),신한비엔피파리바자산운용
531,AI/빅데이터/클라우드 분야 (인재 Pool),LG유플러스
532,"[해외취업] 베리텍, 시스템개발자/응용프로그래머",에임하이글로벌
533,"[해외취업] 누리누비, 시스템개발자/응용프로그래머",에임하이글로벌
534,Developers,Coinplug
535,Connectivity Test Developer,Qualcomm CDMA Technologies (Korea) YH
536,"Technical Solutions Engineer, Infrastructure, Google Cloud",Google
537,정보보안 담당자,Nexon
538,DGIST 2019년 제1차 계약직원 공개채용 공고,대구경북과학기술원
539,[전문연구요원] 상시,네이버
540,2020년 국내 석/박사 산학장학생,LG유플러스
541,데이터 분석가 모집,카카오
542,[Search] [Vision] Computer Vision Engineer 체험형 인턴,네이버
543,"데이터마이닝, 데이터사이언스 신입 인턴",성공하는공장
544,[기술기획] [인사/경영지원] 사내시스템 개발자,한국카카오은행
545,[카카오커머스] 기술직군,카카오커머스
546,[EY한영] 금융감사본부 Data Analytics 전문 경력직 모집,Ernst & Young
547,하나손해보험 경력직,하나손해보험
548,"[현장코칭 숙련인력](주)아와소프트 웹(JAVA,JSP), Python, 기획/설계 경력자 인원",아와소프트
549,Sr Systems Administrator I,Raytheon Intelligence & Space
550,Data Scientist,Boston Consulting Group
551,"Python, MySQL 외 신입/경력 정규직, 계약직",카라멜라
552,지스트 블록체인인터넷경제연구센터 계약직(연구원),광주과학기술원
553,2020년도 국비기술교육생,대한상공회의소 광주인력개발원
554,블록체인인터넷경제연구센터 위촉연구원,광주과학기술원
555,[아이콘트롤스] 2020년 경력 직원 (기술연구소) 연구개발부문,현대산업개발
556,Data Scientist,"Koniag, Inc."
557,보훈대상자 인재 채용,네오위즈
558,(주)케이티이엔지코어 2020년 하반기 분야별 경력직,케이티이엔지코어
559,지스트 블록체인경제센터 계약직연구원,광주과학기술원
560,[빅데이터분석] 데이터 사업 기획 및 운영 담당자,한국카카오은행
561,[네이버웹툰] 데이터 분석 인턴 (체험형),네이버
562,Developer / Designer recruit,마이뮤직테이스트
563,지스트 블록체인인터넷경제연구센터 계약직(박사급 연구원),광주과학기술원
564,블록체인인터넷경제 연구센터 위촉연구원,광주과학기술원
565,인간중심 지능형 시스템 연구실 시간제 연구원,광주과학기술원
566,"Design Consultant, Staff",Synopsys
567,Quantitative Researcher,자산운용: Quantitative Research
568,"[해외취업] 미국, Text IQ, Software Engineer",Text IQ
569,각 부문별 신입/경력 수시,제우스
570,[해외취업] AI 엔지니어,株式会社ASCOM
571,차세대 광-무선 가입자망 연구센터 연구전담교수,광주과학기술원
572,인간중심 지능형 시스템 연구실 위촉연구원,광주과학기술원
573,지스트 블록체인경제센터(강남소재) 계약직(연구원),광주과학기술원
574,지구·환경공학부 환경시스템공학 연구실 위촉연구원,광주과학기술원
575,기후 분석&모델링연구실 시간제연구원,광주과학기술원
576,"[해외취업] 중국, RAKUTEN, Senior QA Engineer_Membership",英博管理咨询(大连)有限公司
577,지스트 블록체인경제센터(강남소재) 계약직연구원,광주과학기술원
578,사내 및 서비스 보안 담당자 (경력),네오위즈
579,Field Application Engineer (FAE) – Korea/Asia,LUCID Vision Labs
580,퀀트운용팀 (사원-대리급),신한비엔피파리바자산운용
581,AI/빅데이터/클라우드 분야 (인재 Pool),LG유플러스
582,"[해외취업] 베리텍, 시스템개발자/응용프로그래머",에임하이글로벌
583,"[해외취업] 누리누비, 시스템개발자/응용프로그래머",에임하이글로벌
584,Developers,Coinplug
585,Connectivity Test Developer,Qualcomm CDMA Technologies (Korea) YH
586,"Technical Solutions Engineer, Infrastructure, Google Cloud",Google
587,정보보안 담당자,Nexon
588,DGIST 2019년 제1차 계약직원 공개채용 공고,대구경북과학기술원
589,[전문연구요원] 상시,네이버
590,2020년 국내 석/박사 산학장학생,LG유플러스
591,데이터 분석가 모집,카카오
592,[Search] [Vision] Computer Vision Engineer 체험형 인턴,네이버
593,"데이터마이닝, 데이터사이언스 신입 인턴",성공하는공장
594,[기술기획] [인사/경영지원] 사내시스템 개발자,한국카카오은행
595,[카카오커머스] 기술직군,카카오커머스
596,[EY한영] 금융감사본부 Data Analytics 전문 경력직 모집,Ernst & Young
597,하나손해보험 경력직,하나손해보험
598,"[현장코칭 숙련인력](주)아와소프트 웹(JAVA,JSP), Python, 기획/설계 경력자 인원",아와소프트
599,Sr Systems Administrator I,Raytheon Intelligence & Space
600,Data Scientist,Boston Consulting Group
601,"Python, MySQL 외 신입/경력 정규직, 계약직",카라멜라
602,지스트 블록체인인터넷경제연구센터 계약직(연구원),광주과학기술원
603,2020년도 국비기술교육생,대한상공회의소 광주인력개발원
604,블록체인인터넷경제연구센터 위촉연구원,광주과학기술원
605,[아이콘트롤스] 2020년 경력 직원 (기술연구소) 연구개발부문,현대산업개발
606,Data Scientist,"Koniag, Inc."
607,보훈대상자 인재 채용,네오위즈
608,(주)케이티이엔지코어 2020년 하반기 분야별 경력직,케이티이엔지코어
609,지스트 블록체인경제센터 계약직연구원,광주과학기술원
610,[빅데이터분석] 데이터 사업 기획 및 운영 담당자,한국카카오은행
611,[네이버웹툰] 데이터 분석 인턴 (체험형),네이버
612,Developer / Designer recruit,마이뮤직테이스트
613,지스트 블록체인인터넷경제연구센터 계약직(박사급 연구원),광주과학기술원
614,블록체인인터넷경제 연구센터 위촉연구원,광주과학기술원
615,인간중심 지능형 시스템 연구실 시간제 연구원,광주과학기술원
616,"Design Consultant, Staff",Synopsys
617,Quantitative Researcher,자산운용: Quantitative Research
618,"[해외취업] 미국, Text IQ, Software Engineer",Text IQ
619,각 부문별 신입/경력 수시,제우스
620,[해외취업] AI 엔지니어,株式会社ASCOM
621,차세대 광-무선 가입자망 연구센터 연구전담교수,광주과학기술원
622,인간중심 지능형 시스템 연구실 위촉연구원,광주과학기술원
623,지스트 블록체인경제센터(강남소재) 계약직(연구원),광주과학기술원
624,지구·환경공학부 환경시스템공학 연구실 위촉연구원,광주과학기술원
625,기후 분석&모델링연구실 시간제연구원,광주과학기술원
626,"[해외취업] 중국, RAKUTEN, Senior QA Engineer_Membership",英博管理咨询(大连)有限公司
627,지스트 블록체인경제센터(강남소재) 계약직연구원,광주과학기술원
628,사내 및 서비스 보안 담당자 (경력),네오위즈
629,Field Application Engineer (FAE) – Korea/Asia,LUCID Vision Labs
630,퀀트운용팀 (사원-대리급),신한비엔피파리바자산운용
631,AI/빅데이터/클라우드 분야 (인재 Pool),LG유플러스
632,"[해외취업] 베리텍, 시스템개발자/응용프로그래머",에임하이글로벌
633,"[해외취업] 누리누비, 시스템개발자/응용프로그래머",에임하이글로벌
634,Developers,Coinplug
635,Connectivity Test Developer,Qualcomm CDMA Technologies (Korea) YH
636,"Technical Solutions Engineer, Infrastructure, Google Cloud",Google
637,정보보안 담당자,Nexon
638,DGIST 2019년 제1차 계약직원 공개채용 공고,대구경북과학기술원
639,[전문연구요원] 상시,네이버
640,2020년 국내 석/박사 산학장학생,LG유플러스
641,데이터 분석가 모집,카카오
642,[Search] [Vision] Computer Vision Engineer 체험형 인턴,네이버
643,"데이터마이닝, 데이터사이언스 신입 인턴",성공하는공장
644,[기술기획] [인사/경영지원] 사내시스템 개발자,한국카카오은행
645,[카카오커머스] 기술직군,카카오커머스
646,[EY한영] 금융감사본부 Data Analytics 전문 경력직 모집,Ernst & Young
647,하나손해보험 경력직,하나손해보험
648,"[현장코칭 숙련인력](주)아와소프트 웹(JAVA,JSP), Python, 기획/설계 경력자 인원",아와소프트
649,Sr Systems Administrator I,Raytheon Intelligence & Space
650,Data Scientist,Boston Consulting Group
651,"Python, MySQL 외 신입/경력 정규직, 계약직",카라멜라
652,지스트 블록체인인터넷경제연구센터 계약직(연구원),광주과학기술원
653,2020년도 국비기술교육생,대한상공회의소 광주인력개발원
654,블록체인인터넷경제연구센터 위촉연구원,광주과학기술원
655,[아이콘트롤스] 2020년 경력 직원 (기술연구소) 연구개발부문,현대산업개발
656,Data Scientist,"Koniag, Inc."
657,보훈대상자 인재 채용,네오위즈
658,(주)케이티이엔지코어 2020년 하반기 분야별 경력직,케이티이엔지코어
659,지스트 블록체인경제센터 계약직연구원,광주과학기술원
660,[빅데이터분석] 데이터 사업 기획 및 운영 담당자,한국카카오은행
661,[네이버웹툰] 데이터 분석 인턴 (체험형),네이버
662,Developer / Designer recruit,마이뮤직테이스트
663,지스트 블록체인인터넷경제연구센터 계약직(박사급 연구원),광주과학기술원
664,블록체인인터넷경제 연구센터 위촉연구원,광주과학기술원
665,인간중심 지능형 시스템 연구실 시간제 연구원,광주과학기술원
666,"Design Consultant, Staff",Synopsys
667,Quantitative Researcher,자산운용: Quantitative Research
668,"[해외취업] 미국, Text IQ, Software Engineer",Text IQ
669,각 부문별 신입/경력 수시,제우스
670,[해외취업] AI 엔지니어,株式会社ASCOM
671,차세대 광-무선 가입자망 연구센터 연구전담교수,광주과학기술원
672,인간중심 지능형 시스템 연구실 위촉연구원,광주과학기술원
673,지스트 블록체인경제센터(강남소재) 계약직(연구원),광주과학기술원
674,지구·환경공학부 환경시스템공학 연구실 위촉연구원,광주과학기술원
675,기후 분석&모델링연구실 시간제연구원,광주과학기술원
676,"[해외취업] 중국, RAKUTEN, Senior QA Engineer_Membership",英博管理咨询(大连)有限公司
677,지스트 블록체인경제센터(강남소재) 계약직연구원,광주과학기술원
678,사내 및 서비스 보안 담당자 (경력),네오위즈
679,Field Application Engineer (FAE) – Korea/Asia,LUCID Vision Labs
680,퀀트운용팀 (사원-대리급),신한비엔피파리바자산운용
681,AI/빅데이터/클라우드 분야 (인재 Pool),LG유플러스
682,"[해외취업] 베리텍, 시스템개발자/응용프로그래머",에임하이글로벌
683,"[해외취업] 누리누비, 시스템개발자/응용프로그래머",에임하이글로벌
684,Developers,Coinplug
685,Connectivity Test Developer,Qualcomm CDMA Technologies (Korea) YH
686,"Technical Solutions Engineer, Infrastructure, Google Cloud",Google
687,정보보안 담당자,Nexon
688,DGIST 2019년 제1차 계약직원 공개채용 공고,대구경북과학기술원
689,[전문연구요원] 상시,네이버
690,2020년 국내 석/박사 산학장학생,LG유플러스
691,데이터 분석가 모집,카카오
692,[Search] [Vision] Computer Vision Engineer 체험형 인턴,네이버
693,"데이터마이닝, 데이터사이언스 신입 인턴",성공하는공장
694,[기술기획] [인사/경영지원] 사내시스템 개발자,한국카카오은행
695,[카카오커머스] 기술직군,카카오커머스
696,[EY한영] 금융감사본부 Data Analytics 전문 경력직 모집,Ernst & Young
697,하나손해보험 경력직,하나손해보험
698,"[현장코칭 숙련인력](주)아와소프트 웹(JAVA,JSP), Python, 기획/설계 경력자 인원",아와소프트
699,Sr Systems Administrator I,Raytheon Intelligence & Space
700,Data Scientist,Boston Consulting Group
701,"Python, MySQL 외 신입/경력 정규직, 계약직",카라멜라
702,지스트 블록체인인터넷경제연구센터 계약직(연구원),광주과학기술원
703,2020년도 국비기술교육생,대한상공회의소 광주인력개발원
704,블록체인인터넷경제연구센터 위촉연구원,광주과학기술원
705,[아이콘트롤스] 2020년 경력 직원 (기술연구소) 연구개발부문,현대산업개발
706,Data Scientist,"Koniag, Inc."
707,보훈대상자 인재 채용,네오위즈
708,(주)케이티이엔지코어 2020년 하반기 분야별 경력직,케이티이엔지코어
709,지스트 블록체인경제센터 계약직연구원,광주과학기술원
710,[빅데이터분석] 데이터 사업 기획 및 운영 담당자,한국카카오은행
711,[네이버웹툰] 데이터 분석 인턴 (체험형),네이버
712,Developer / Designer recruit,마이뮤직테이스트
713,지스트 블록체인인터넷경제연구센터 계약직(박사급 연구원),광주과학기술원
714,블록체인인터넷경제 연구센터 위촉연구원,광주과학기술원
715,인간중심 지능형 시스템 연구실 시간제 연구원,광주과학기술원
716,"Design Consultant, Staff",Synopsys
717,Quantitative Researcher,자산운용: Quantitative Research
718,"[해외취업] 미국, Text IQ, Software Engineer",Text IQ
719,각 부문별 신입/경력 수시,제우스
720,[해외취업] AI 엔지니어,株式会社ASCOM
721,차세대 광-무선 가입자망 연구센터 연구전담교수,광주과학기술원
722,인간중심 지능형 시스템 연구실 위촉연구원,광주과학기술원
723,지스트 블록체인경제센터(강남소재) 계약직(연구원),광주과학기술원
724,지구·환경공학부 환경시스템공학 연구실 위촉연구원,광주과학기술원
725,기후 분석&모델링연구실 시간제연구원,광주과학기술원
726,"[해외취업] 중국, RAKUTEN, Senior QA Engineer_Membership",英博管理咨询(大连)有限公司
727,지스트 블록체인경제센터(강남소재) 계약직연구원,광주과학기술원
728,사내 및 서비스 보안 담당자 (경력),네오위즈
729,Field Application Engineer (FAE) – Korea/Asia,LUCID Vision Labs
730,퀀트운용팀 (사원-대리급),신한비엔피파리바자산운용
731,AI/빅데이터/클라우드 분야 (인재 Pool),LG유플러스
732,"[해외취업] 베리텍, 시스템개발자/응용프로그래머",에임하이글로벌
733,"[해외취업] 누리누비, 시스템개발자/응용프로그래머",에임하이글로벌
734,Developers,Coinplug
735,Connectivity Test Developer,Qualcomm CDMA Technologies (Korea) YH
736,"Technical Solutions Engineer, Infrastructure, Google Cloud",Google
737,정보보안 담당자,Nexon
738,DGIST 2019년 제1차 계약직원 공개채용 공고,대구경북과학기술원
739,[전문연구요원] 상시,네이버
740,2020년 국내 석/박사 산학장학생,LG유플러스
741,데이터 분석가 모집,카카오
742,[Search] [Vision] Computer Vision Engineer 체험형 인턴,네이버
743,"데이터마이닝, 데이터사이언스 신입 인턴",성공하는공장
744,[기술기획] [인사/경영지원] 사내시스템 개발자,한국카카오은행
745,[카카오커머스] 기술직군,카카오커머스
746,[EY한영] 금융감사본부 Data Analytics 전문 경력직 모집,Ernst & Young
747,하나손해보험 경력직,하나손해보험
748,"[현장코칭 숙련인력](주)아와소프트 웹(JAVA,JSP), Python, 기획/설계 경력자 인원",아와소프트
749,Sr Systems Administrator I,Raytheon Intelligence & Space
750,Data Scientist,Boston Consulting Group
751,"Python, MySQL 외 신입/경력 정규직, 계약직",카라멜라
752,지스트 블록체인인터넷경제연구센터 계약직(연구원),광주과학기술원
753,2020년도 국비기술교육생,대한상공회의소 광주인력개발원
754,블록체인인터넷경제연구센터 위촉연구원,광주과학기술원
755,[아이콘트롤스] 2020년 경력 직원 (기술연구소) 연구개발부문,현대산업개발
756,Data Scientist,"Koniag, Inc."
757,보훈대상자 인재 채용,네오위즈
758,(주)케이티이엔지코어 2020년 하반기 분야별 경력직,케이티이엔지코어
759,지스트 블록체인경제센터 계약직연구원,광주과학기술원
760,[빅데이터분석] 데이터 사업 기획 및 운영 담당자,한국카카오은행
761,[네이버웹툰] 데이터 분석 인턴 (체험형),네이버
762,Developer / Designer recruit,마이뮤직테이스트
763,지스트 블록체인인터넷경제연구센터 계약직(박사급 연구원),광주과학기술원
764,블록체인인터넷경제 연구센터 위촉연구원,광주과학기술원
765,인간중심 지능형 시스템 연구실 시간제 연구원,광주과학기술원
766,"Design Consultant, Staff",Synopsys
767,Quantitative Researcher,자산운용: Quantitative Research
768,"[해외취업] 미국, Text IQ, Software Engineer",Text IQ
769,각 부문별 신입/경력 수시,제우스
770,[해외취업] AI 엔지니어,株式会社ASCOM
771,차세대 광-무선 가입자망 연구센터 연구전담교수,광주과학기술원
772,인간중심 지능형 시스템 연구실 위촉연구원,광주과학기술원
773,지스트 블록체인경제센터(강남소재) 계약직(연구원),광주과학기술원
774,지구·환경공학부 환경시스템공학 연구실 위촉연구원,광주과학기술원
775,기후 분석&모델링연구실 시간제연구원,광주과학기술원
776,"[해외취업] 중국, RAKUTEN, Senior QA Engineer_Membership",英博管理咨询(大连)有限公司
777,지스트 블록체인경제센터(강남소재) 계약직연구원,광주과학기술원
778,사내 및 서비스 보안 담당자 (경력),네오위즈
779,Field Application Engineer (FAE) – Korea/Asia,LUCID Vision Labs
780,퀀트운용팀 (사원-대리급),신한비엔피파리바자산운용
781,AI/빅데이터/클라우드 분야 (인재 Pool),LG유플러스
782,"[해외취업] 베리텍, 시스템개발자/응용프로그래머",에임하이글로벌
783,"[해외취업] 누리누비, 시스템개발자/응용프로그래머",에임하이글로벌
784,Developers,Coinplug
785,Connectivity Test Developer,Qualcomm CDMA Technologies (Korea) YH
786,"Technical Solutions Engineer, Infrastructure, Google Cloud",Google
787,정보보안 담당자,Nexon
788,DGIST 2019년 제1차 계약직원 공개채용 공고,대구경북과학기술원
789,[전문연구요원] 상시,네이버
790,2020년 국내 석/박사 산학장학생,LG유플러스
791,데이터 분석가 모집,카카오
792,[Search] [Vision] Computer Vision Engineer 체험형 인턴,네이버
793,"데이터마이닝, 데이터사이언스 신입 인턴",성공하는공장
794,[기술기획] [인사/경영지원] 사내시스템 개발자,한국카카오은행
795,[카카오커머스] 기술직군,카카오커머스
796,[EY한영] 금융감사본부 Data Analytics 전문 경력직 모집,Ernst & Young
797,하나손해보험 경력직,하나손해보험
798,"[현장코칭 숙련인력](주)아와소프트 웹(JAVA,JSP), Python, 기획/설계 경력자 인원",아와소프트
799,Sr Systems Administrator I,Raytheon Intelligence & Space
800,Data Scientist,Boston Consulting Group
801,"Python, MySQL 외 신입/경력 정규직, 계약직",카라멜라
802,지스트 블록체인인터넷경제연구센터 계약직(연구원),광주과학기술원
803,2020년도 국비기술교육생,대한상공회의소 광주인력개발원
804,블록체인인터넷경제연구센터 위촉연구원,광주과학기술원
805,[아이콘트롤스] 2020년 경력 직원 (기술연구소) 연구개발부문,현대산업개발
806,Data Scientist,"Koniag, Inc."
807,보훈대상자 인재 채용,네오위즈
808,(주)케이티이엔지코어 2020년 하반기 분야별 경력직,케이티이엔지코어
809,지스트 블록체인경제센터 계약직연구원,광주과학기술원
810,[빅데이터분석] 데이터 사업 기획 및 운영 담당자,한국카카오은행
811,[네이버웹툰] 데이터 분석 인턴 (체험형),네이버
812,Developer / Designer recruit,마이뮤직테이스트
813,지스트 블록체인인터넷경제연구센터 계약직(박사급 연구원),광주과학기술원
814,블록체인인터넷경제 연구센터 위촉연구원,광주과학기술원
815,인간중심 지능형 시스템 연구실 시간제 연구원,광주과학기술원
816,"Design Consultant, Staff",Synopsys
817,Quantitative Researcher,자산운용: Quantitative Research
818,"[해외취업] 미국, Text IQ, Software Engineer",Text IQ
819,각 부문별 신입/경력 수시,제우스
820,[해외취업] AI 엔지니어,株式会社ASCOM
821,차세대 광-무선 가입자망 연구센터 연구전담교수,광주과학기술원
822,인간중심 지능형 시스템 연구실 위촉연구원,광주과학기술원
823,지스트 블록체인경제센터(강남소재) 계약직(연구원),광주과학기술원
824,지구·환경공학부 환경시스템공학 연구실 위촉연구원,광주과학기술원
825,기후 분석&모델링연구실 시간제연구원,광주과학기술원
826,"[해외취업] 중국, RAKUTEN, Senior QA Engineer_Membership",英博管理咨询(大连)有限公司
827,지스트 블록체인경제센터(강남소재) 계약직연구원,광주과학기술원
828,사내 및 서비스 보안 담당자 (경력),네오위즈
829,Field Application Engineer (FAE) – Korea/Asia,LUCID Vision Labs
830,퀀트운용팀 (사원-대리급),신한비엔피파리바자산운용
831,AI/빅데이터/클라우드 분야 (인재 Pool),LG유플러스
832,"[해외취업] 베리텍, 시스템개발자/응용프로그래머",에임하이글로벌
833,"[해외취업] 누리누비, 시스템개발자/응용프로그래머",에임하이글로벌
834,Developers,Coinplug
835,Connectivity Test Developer,Qualcomm CDMA Technologies (Korea) YH
836,"Technical Solutions Engineer, Infrastructure, Google Cloud",Google
837,정보보안 담당자,Nexon
838,DGIST 2019년 제1차 계약직원 공개채용 공고,대구경북과학기술원
839,[전문연구요원] 상시,네이버
840,2020년 국내 석/박사 산학장학생,LG유플러스
841,데이터 분석가 모집,카카오
842,[Search] [Vision] Computer Vision Engineer 체험형 인턴,네이버
843,"데이터마이닝, 데이터사이언스 신입 인턴",성공하는공장
844,[기술기획] [인사/경영지원] 사내시스템 개발자,한국카카오은행
845,[카카오커머스] 기술직군,카카오커머스
846,[EY한영] 금융감사본부 Data Analytics 전문 경력직 모집,Ernst & Young
847,하나손해보험 경력직,하나손해보험
848,"[현장코칭 숙련인력](주)아와소프트 웹(JAVA,JSP), Python, 기획/설계 경력자 인원",아와소프트
849,Sr Systems Administrator I,Raytheon Intelligence & Space
850,Data Scientist,Boston Consulting Group
851,"Python, MySQL 외 신입/경력 정규직, 계약직",카라멜라
852,지스트 블록체인인터넷경제연구센터 계약직(연구원),광주과학기술원
853,2020년도 국비기술교육생,대한상공회의소 광주인력개발원
854,블록체인인터넷경제연구센터 위촉연구원,광주과학기술원
855,[아이콘트롤스] 2020년 경력 직원 (기술연구소) 연구개발부문,현대산업개발
856,Data Scientist,"Koniag, Inc."
857,보훈대상자 인재 채용,네오위즈
858,(주)케이티이엔지코어 2020년 하반기 분야별 경력직,케이티이엔지코어
859,지스트 블록체인경제센터 계약직연구원,광주과학기술원
860,[빅데이터분석] 데이터 사업 기획 및 운영 담당자,한국카카오은행
861,[네이버웹툰] 데이터 분석 인턴 (체험형),네이버
862,Developer / Designer recruit,마이뮤직테이스트
863,지스트 블록체인인터넷경제연구센터 계약직(박사급 연구원),광주과학기술원
864,블록체인인터넷경제 연구센터 위촉연구원,광주과학기술원
865,인간중심 지능형 시스템 연구실 시간제 연구원,광주과학기술원
866,"Design Consultant, Staff",Synopsys
867,Quantitative Researcher,자산운용: Quantitative Research
868,"[해외취업] 미국, Text IQ, Software Engineer",Text IQ
869,각 부문별 신입/경력 수시,제우스
870,[해외취업] AI 엔지니어,株式会社ASCOM
871,차세대 광-무선 가입자망 연구센터 연구전담교수,광주과학기술원
872,인간중심 지능형 시스템 연구실 위촉연구원,광주과학기술원
873,지스트 블록체인경제센터(강남소재) 계약직(연구원),광주과학기술원
874,지구·환경공학부 환경시스템공학 연구실 위촉연구원,광주과학기술원
875,기후 분석&모델링연구실 시간제연구원,광주과학기술원
876,"[해외취업] 중국, RAKUTEN, Senior QA Engineer_Membership",英博管理咨询(大连)有限公司
877,지스트 블록체인경제센터(강남소재) 계약직연구원,광주과학기술원
878,사내 및 서비스 보안 담당자 (경력),네오위즈
879,Field Application Engineer (FAE) – Korea/Asia,LUCID Vision Labs
880,퀀트운용팀 (사원-대리급),신한비엔피파리바자산운용
881,AI/빅데이터/클라우드 분야 (인재 Pool),LG유플러스
882,"[해외취업] 베리텍, 시스템개발자/응용프로그래머",에임하이글로벌
883,"[해외취업] 누리누비, 시스템개발자/응용프로그래머",에임하이글로벌
884,Developers,Coinplug
885,Connectivity Test Developer,Qualcomm CDMA Technologies (Korea) YH
886,"Technical Solutions Engineer, Infrastructure, Google Cloud",Google
887,정보보안 담당자,Nexon
888,DGIST 2019년 제1차 계약직원 공개채용 공고,대구경북과학기술원
889,[전문연구요원] 상시,네이버
890,2020년 국내 석/박사 산학장학생,LG유플러스
891,데이터 분석가 모집,카카오
892,[Search] [Vision] Computer Vision Engineer 체험형 인턴,네이버
893,"데이터마이닝, 데이터사이언스 신입 인턴",성공하는공장
894,[기술기획] [인사/경영지원] 사내시스템 개발자,한국카카오은행
895,[카카오커머스] 기술직군,카카오커머스
896,[EY한영] 금융감사본부 Data Analytics 전문 경력직 모집,Ernst & Young
897,하나손해보험 경력직,하나손해보험
898,"[현장코칭 숙련인력](주)아와소프트 웹(JAVA,JSP), Python, 기획/설계 경력자 인원",아와소프트
899,Sr Systems Administrator I,Raytheon Intelligence & Space
900,Data Scientist,Boston Consulting Group
